close,Volume,Volume MA,manipulated
-1.9451660994064226,-0.06560761113062717,-1.142804826954591,0
-0.3046277624827648,-0.9209532550199886,-1.5282197684187082,0
-0.19770254499239603,-1.2244410687802905,-0.24951802525405,0
-1.1753045334757675,0.5082404772535473,-0.9333266178716062,0
0.0772480142685522,-0.07479185052554017,0.25649044461931414,0
0.8409995677711862,0.7746390443053208,0.31598298586928975,0
0.000872858918288804,0.366076362474416,1.2901649082104922,0
0.046697952128446844,-0.9165959947417829,-0.5849778089506927,0
-0.8392538499346086,0.20160060286645834,0.18472560663533788,0
1.513100934853504,1.229530836838963,0.1886585637472552,0
-0.19770254499239603,-0.5146155571609335,-1.7962378157870151,0
-1.1814145459037886,-1.0566340137255912,-0.2504588738267979,0
0.2605483871091844,-0.4321860815149343,1.9861670183753357,0
0.0772480142685522,0.7930816892275417,0.8150408806406314,0
0.7340743502808175,-1.5278423553861313,1.1453582591398148,0
-0.2893527314127121,-0.918357440386164,-0.22171422429002252,0
0.10779807640865756,-0.5125512664759396,0.6334075877543589,0
-1.007279191705188,-0.4148188455124407,-0.39555663074933023,0
-0.09077732750202727,-0.6494125027888291,1.3217133465162938,0
0.0772480142685522,0.805628126624361,-1.673276260052962,0
-2.076531366608876,0.36696635606315586,-1.5516666301907067,0
-1.514410223230937,-0.6880406967445534,-1.2021444615545458,0
0.5354989463701326,-0.25491666406884084,0.9132057495092003,0
0.3369235424594478,-1.354305966603919,-0.43910501488649484,0
-1.6641055277174532,0.2679422082937775,0.7841436836116602,0
0.9631998163316077,1.5765974338923547,0.3810568449284132,0
0.4438487599498165,-0.5209073173924419,-0.3012804525925254,0
2.139377208725664,-1.3985955086657944,2.0285682274983605,0
0.29109844924928974,-0.11329643426060616,-0.1925149063042159,0
1.4520008105732933,-0.1285622965119084,0.09955255107275145,1
0.16889820068886827,1.096470614811317,1.1448270623379764,0
0.3827486356696058,-0.6093318887403695,-0.6668166292203832,0
0.5049488842300273,1.1859582340569061,-0.5357558228142303,0
1.0242999406118183,-0.4737129351450962,0.4803028643498766,1
0.1536231696188156,1.6368203333970872,1.6404374298431486,0
0.016147889988341484,-0.7517308629387516,-0.23503315879035755,0
-0.21297757606244871,-0.9308729752278186,-1.2439401963568308,0
0.36747360459955314,2.686512146716489,1.4087103278207862,0
-1.6641055277174532,-1.0289824073643254,0.18737858953265563,0
0.0772480142685522,0.6348358847407634,2.0652065515438123,0
-0.151877451782238,-0.6913287286140646,-1.501196256542127,0
0.6424241638605014,1.0127803149146029,-0.5301174838794614,0
-0.151877451782238,-0.42187698911203064,-1.8510133594477836,0
1.1006750959620817,1.7204859112496695,0.6110935706872981,0
0.902099692051397,-0.14802472575456055,-0.16310025854139282,0
-1.2730647323241047,0.5587167108593712,-1.1022607058596887,0
0.993749878471713,-0.13688126436221318,0.5296478960732055,0
-0.7659337007983558,-0.9203784674939275,0.10920487714005711,0
-0.16715248285229067,-1.0292110862725434,-0.42699027652592086,0
0.000872858918288804,-0.948332918895806,-0.6924378715734669,0
0.16889820068886827,-0.3967408507411617,0.6692971343870497,0
-1.480805154876821,0.5890630200309883,-0.06900722323674728,0
-0.33517782462287016,0.7574386821007159,1.3746034416417228,0
-0.04495223429186924,-0.35381720161756086,-0.5056096540319263,0
-2.027651267184707,0.0692449590965646,-1.3596789011140207,0
-0.151877451782238,0.3287707978797357,1.3893073892722752,0
-0.029677203221816554,-0.6418846403507376,-0.5005715374721161,0
-0.33517782462287016,-0.6218597846040901,0.1292613077993043,0
0.5049488842300273,0.28694727971999384,-0.2685128125875889,0
-0.25880266927260676,-0.5898509179646186,-1.459372761455,0
-2.174291565457213,-0.7453216729976179,-1.7658475065536965,0
-0.24352763820255408,-1.097345039899408,-1.8103355388188591,0
-0.19770254499239603,-0.8664411477096705,-1.7727233539700367,0
2.185202301935822,-0.35611017121077265,-0.15212219130339696,1
0.29109844924928974,0.04719289573112071,1.7646069331068062,0
0.031422921058394164,-0.12382802506069483,0.5000059140858668,0
-0.151877451782238,-0.2802753008368947,1.8597901973277675,0
-0.25880266927260676,-0.892905292486182,-1.2899771549800323,0
-1.343329875246347,1.262602751376096,0.18531112356211016,0
-1.5357952667290107,0.31971016870548097,0.7961646372261468,0
-0.2282526071325014,0.18983290985978651,-1.2828946284916547,0
0.6424241638605014,-0.15321017451117697,1.2026652406669718,0
0.9631998163316077,-0.7696419839121419,0.481767406944776,1
-0.151877451782238,-0.11523093421390883,1.6755234287713634,0
0.5049488842300273,-0.5638000639608782,0.20120621249576823,0
0.3063734803193424,-0.3516540227560403,-0.6078995511723994,0
-0.3810029178330282,0.753977595922283,0.41290239330981926,0
0.9173747231214496,1.1862116350092555,0.9366714432582134,0
-1.6366104717913585,-1.4122235354933739,-0.8152351164323749,0
-0.12132738964213263,0.60907551475557,0.7470341850018657,0
-0.16715248285229067,-1.4375945332834936,-0.7366029842009016,0
0.6576991949305541,1.3712623158457902,1.1122139795945918,0
3.3613796943298784,0.4039319925510258,0.35118002593687186,1
-1.6488304966474006,-0.4284036087627898,0.43136748439745703,0
1.2687004377326612,0.6287233593292095,0.6889063993769526,0
0.046697952128446844,-0.9227888667967646,-0.6446293115938967,0
-0.12132738964213263,-0.21652332953236733,-1.112660308783818,0
1.2076003134524504,-0.034210615083414456,0.6150332803009336,1
0.6729742260006067,0.23646486560313687,0.14150509397049446,0
-0.151877451782238,0.056710882721811184,-0.5248790431020087,0
0.19944826282897363,0.28317098747888225,1.6319487849052943,0
0.7340743502808175,0.1391898024560737,1.0547862033144744,0
-1.612170422079274,0.5102676848723436,-0.24096410613291888,0
-1.994046198830591,-0.21835276079811042,-1.438985908378338,0
0.16889820068886827,-0.6831889955837144,-0.9730342315508678,0
0.18417323175892095,-0.4815560036458664,0.4749683879924306,0
-1.5968953910092214,-0.7455997959940991,0.5713956130854939,0
-1.6335554655773479,-0.40219206147219355,0.6796802311958676,0
0.36747360459955314,0.3789503669559798,0.3559232832549835,0
2.5518030476170863,8.02109663455718,2.168661630369674,0
0.3216485113893951,1.4026902144481674,1.0556392693648844,0
0.9631998163316077,-0.012924935086052133,0.4557822797768736,0
-1.8351858757020434,-0.15546606103819127,-1.0573964842210206,0
0.5049488842300273,-0.2728586875973957,-0.6419899312361512,0
1.2076003134524504,1.4507436877290885,0.44629951653049377,0
-0.014402172151763875,0.7529269090466872,1.4680220520803053,0
-0.35045285569292284,-0.45724187324237536,1.5120161013308768,0
-1.6030054034372425,-0.5841154037260727,-0.9120719932963476,0
1.0548500027519236,-0.27471902141830334,0.6731295542511614,1
0.42857372887976386,-0.038808915291903875,0.45477915813272374,0
-0.07550229643197459,-0.7875098413083017,-1.13983312597617,0
-1.30361479446421,-0.7353277866573928,-0.6293462469076447,0
1.3909006862930826,-1.5204381031686982,1.602872512506354,0
-0.24352763820255408,-0.8702545230169796,-1.5037284446864843,0
-0.3199027935528175,-0.6585040345182483,-1.1212382367999474,0
0.016147889988341484,0.12601295293389703,2.130780095730089,0
0.16889820068886827,-0.05049626165514782,-0.8707706916754349,0
-1.4960801859468738,0.20129775782584547,0.22955373990371147,0
-0.2893527314127121,1.7345465738495531,0.14006906193840563,0
2.276852488356138,0.07133397182569018,-0.14035933331014253,1
-1.6366104717913585,1.8831198785698182,0.5369848643291077,0
-0.09077732750202727,-0.17375419318458937,-1.4713914642355808,0
0.18417323175892095,0.20567355963714992,0.48096160840639385,0
-0.12132738964213263,-0.5032125143052038,1.2791410740164058,0
0.7035242881407121,2.267473498684792,2.3772869234578424,0
-0.35045285569292284,-0.9901193539893504,-1.3127249302491368,0
0.13834813854876293,-0.7453587560638153,-1.0111453512488746,0
0.18417323175892095,0.7999482369851113,2.266046960428765,0
0.18417323175892095,0.2608222595838584,0.34300049552212125,0
0.12307310747871024,-0.6913410896361305,0.21916486595453455,0
0.42857372887976386,-0.5328295231749367,-0.5536889668220609,0
0.5202239153000799,0.23488883528974333,2.1105383464125733,0
-1.6641055277174532,-0.8950198307258735,0.6615077485160223,0
-1.5357952667290107,-0.2219559987303004,-0.5768252885428152,0
1.6658512455540309,0.6720611026920158,0.04765132231006686,1
0.2605483871091844,1.0214330303606851,2.0599388499255804,0
0.29109844924928974,-0.6777007017864851,-0.06432541368427203,0
0.13834813854876293,0.12239117346860832,-0.662085278813635,0
0.0772480142685522,-0.6833867719367677,0.6138951086224181,0
0.229998324969079,-0.5969399641193732,-0.7937808203813068,0
0.2147232938990263,1.0445296000906918,1.1296241798582396,0
0.35219857352950046,-0.626198503349197,-0.083959437847142,0
0.016147889988341484,0.13009209021562151,-0.5838215330647927,0
0.47439882208992185,0.22131025255042713,0.1244497751860411,0
0.016147889988341484,0.06788524666932311,-0.566268877523228,0
1.8338765873246103,0.2035165612866623,-0.08090280540266447,1
-0.029677203221816554,-0.7121879533501557,-0.8164760761926022,0
1.1006750959620817,-0.43044317740365207,0.6427830612512149,0
-0.18242751392234335,-0.6682445199061238,-1.2571195791549878,0
-0.24352763820255408,1.2427262278942386,1.5203974565192073,0
0.0772480142685522,1.133059240126179,0.9403628108642098,0
-1.5266302480869791,-0.09310470471606995,-0.6125640293037976,0
0.4438487599498165,0.025406594340092205,-0.2534644873694039,0
0.13834813854876293,-0.3710670079104291,-0.9737897614653471,0
0.9326497541915023,-0.12170192926537177,0.7010443963545563,1
0.8715496299112916,1.2198954201386472,0.7342141853507151,0
0.000872858918288804,-0.6191712623047716,-0.817591641995921,0
0.6576991949305541,-0.11302449177515786,1.1249904631235579,0
0.6271491327904487,-1.2301951245519351,-0.3115360021466646,0
-1.007279191705188,-0.40141949759307904,0.009836562409695835,0
0.7493493813508701,1.0875830399459838,-0.3220744064950032,0
-0.2282526071325014,-0.6808527624132722,-1.257497719251212,0
0.35219857352950046,0.17529634791036833,-0.7177057330032935,0
-0.1366024207121853,-0.9249705871913839,-1.1563640004605031,0
0.19944826282897363,-0.7532945322300794,-0.5506976085608601,0
-2.186511590313255,-0.1881547838912834,-1.8020556212118966,0
0.7340743502808175,-0.2951270688489916,1.06955167373846,0
-0.21297757606244871,-0.9971342340117099,-1.2933820139381218,0
-0.10605235857207995,0.036296654780090004,1.3781972731117884,0
0.566049008510238,0.43273935447544676,0.8902817564535876,0
0.4438487599498165,-1.4701040213166312,1.0250601901946415,0
0.4132986978097112,-0.30343985618826347,-0.10556744334565761,0
-0.35045285569292284,0.09100035793242853,0.7254967056324078,0
0.046697952128446844,1.7249482402154348,1.9900894715956914,0
-1.6702155401454744,-0.731489689305952,0.6430344043707288,0
0.016147889988341484,-0.16328440749482986,1.2248262010284183,0
0.36747360459955314,-0.5147886114698552,-0.554589300384499,0
0.45912379101986917,0.26841810764331203,0.2603611286598295,0
-0.029677203221816554,-0.7574663771772976,-1.443481123799998,0
-0.04495223429186924,-0.4006963778022279,-1.317526611712671,0
-0.16715248285229067,-0.563670273229187,0.20047694231019333,0
1.0701250338219763,0.01776748270340817,0.6406327645929251,0
-1.4197050305966104,-0.17774680331185305,-1.137559033453045,0
0.9326497541915023,-0.6477623063430406,-0.24446640369080327,0
0.229998324969079,1.4755275369710812,2.1771802864262764,0
1.0548500027519236,-0.5288678156028376,0.2769985426157178,1
-0.029677203221816554,-0.7654639584538907,1.0181216195401182,0
-0.1366024207121853,-0.649418683299862,-1.362787880452374,0
2.9336788243684033,6.817114543812066,1.2429394117487365,1
-0.35045285569292284,-0.7446788998501945,-1.254484602928919,0
-1.9604411304764753,0.3544508212215012,-0.8208606256138791,0
-1.5419052791570318,-0.48190211226370977,-0.2547797246485323,0
-1.6030054034372425,0.320000652724028,0.7238686024403321,0
-0.25880266927260676,-0.8799332032945258,-1.615071195797273,0
-0.19770254499239603,-0.2950096391393662,-0.5186712431889977,0
0.947924785261555,0.3304889799468863,0.6594722443869434,0
-0.151877451782238,-0.2025924576641749,0.4694620979801526,0
0.0772480142685522,-0.9790747807735296,-1.000691728310999,0
-0.7231636138022082,1.2306989534241841,-0.20615871116499737,0
-0.04495223429186924,0.05630914950467165,0.2973498325166635,0
2.093552115515506,-0.388199384493672,-0.18333150396734677,1
-0.07550229643197459,0.9156350424992309,-1.441928798682761,0
0.10779807640865756,0.10784843100815725,0.6909171443330645,0
-1.5419052791570318,-0.6542023988393388,-1.167444105502242,0
0.3827486356696058,0.72826048951432,0.851453371017505,0
-0.5581932782456392,-0.26394639068793097,0.14924045982777556,0
-0.2893527314127121,-0.8301430064133555,-0.12395150441267594,0
-1.5755103475111478,-0.8833757479398601,0.703413774179706,0
-1.5052452045889053,0.9529220655608125,-0.7075589737546156,0
-0.12132738964213263,-0.7001854009242331,-0.43742514251457904,0
1.7880514941144523,0.6417580570976291,0.11532489453073044,1
-2.122356459819034,-0.5923602054439825,-1.9499576170702364,0
0.3063734803193424,-0.4205110961737562,-0.535236630459891,0
0.16889820068886827,0.6004475213536193,0.3725764530482145,0
1.039574971681871,0.5900704433293537,-0.27730907149260964,0
0.7340743502808175,0.6215786885751587,0.3133472593652521,0
0.16889820068886827,-0.26259285877172234,-0.8545270761169775,0
0.29109844924928974,-0.5120197425271089,0.030764065790601945,0
1.2381503755925558,0.5118313541636713,-0.07945326836713905,0
0.6576991949305541,0.8389719836469423,-0.49184280358427823,0
0.35219857352950046,0.3253962388557636,0.5039298678621598,0
-0.2282526071325014,-0.7752662489520953,-1.6938271238935816,0
0.19944826282897363,-0.7930661207268931,0.030942631947152178,0
-1.6641055277174532,-0.5792698830762667,-0.39660852046144546,0
2.1699272708657693,0.06964669231370414,-0.14152751610740605,1
0.19944826282897363,0.07779260585508728,1.8534668546075768,0
0.000872858918288804,-0.5407591188301677,-1.0040838325436205,0
-1.3280548441762943,1.6049968820886034,-0.6914542571565032,0
1.9560768358850318,0.07344152608791449,-0.11954512190250989,1
0.0772480142685522,-0.5402461364144358,1.4585430402237691,0
-1.9146160372663172,0.725096067865467,-0.857841901718823,0
-1.1508644837636832,-0.45953484283558715,-0.5207262545452628,0
0.061972983198499525,-0.6716067179080301,-1.1052654715881902,0
0.19944826282897363,-0.5905802182665028,-0.5954584418954415,0
-1.480805154876821,-0.38745772316972205,0.6479727339607021,0
-0.06022726536192191,0.8782614922831885,-0.13298710198971148,0
0.9173747231214496,-0.1235808046193782,0.5420739997907894,1
1.1465001891722397,-0.5661239361092546,0.3097324201120629,1
-2.1712365592432024,-0.789543229438131,-1.7327915347253893,0
0.229998324969079,0.37426553959302955,0.7173261785532815,0
-1.679380558787506,-0.8052849910389678,0.29058232523900346,0
2.0630020533754005,-0.2128582864898482,-0.10889942780464747,1
-0.35045285569292284,-1.0425548095926087,-1.3808839323155482,0
1.9713518669550845,0.02355244103021744,-0.12389448328705485,1
0.3827486356696058,-0.8368983049723325,0.432790761704078,0
2.139377208725664,0.10987563862695365,-0.14618524173708608,1
-0.21297757606244871,0.5872768523424756,-0.13182342086026017,0
-0.014402172151763875,0.5558242316959666,2.0044647974759537,0
1.0090249095417656,1.0569524272668527,-0.4256525309077315,0
-0.16715248285229067,0.16174248721518378,-0.0062801586359157585,0
0.0772480142685522,-1.4459196816448312,-0.559003185674352,0
-0.1366024207121853,0.3095926721445977,0.8315214865010617,0
-1.343329875246347,-0.823931592825275,-0.42211046861750606,0
-2.021541254756686,-0.3052013018326445,-1.2667876610596362,0
0.47439882208992185,1.1037945203853223,2.3542788992697354,0
0.4438487599498165,0.037644006185265665,-0.29339653169744195,0
0.13834813854876293,-0.1721596213380971,2.0658848028275156,0
-1.7374256768537062,1.9919154142822366,-0.41300839641244386,0
-0.33517782462287016,0.02934357986805963,-1.1527829237159055,0
-1.5877303723671898,-1.0455956210208033,-1.075261202878106,0
0.8409995677711862,0.06592602467188877,-0.22798804866427902,0
-0.1366024207121853,-0.12701716875367944,1.488142256366892,0
0.8868246609813443,0.7117399835233358,-0.2272302679158936,0
0.4132986978097112,-0.45824311602970774,-0.31205519450100394,0
1.2992504998727665,-0.24455812757767378,0.08059377708171009,1
0.19944826282897363,0.3318610533961936,-0.5666815304060121,0
0.4438487599498165,-0.46164857760884437,-0.6661541337740224,0
0.902099692051397,0.6308865381907302,-0.24672549065455435,0
2.5823531097571917,0.9744735075325902,0.0596032503514333,1
-1.4960801859468738,-1.3433293790094605,-0.66176875904698,0
0.09252304533860488,0.017019640868425345,1.4873492125539776,0
0.13834813854876293,-0.09104041403107604,-1.0336656947573277,0
-0.3962779489030809,-0.890063060877475,-1.2901363114455322,0
-1.5052452045889053,0.13446789202692597,-1.0771706603084434,0
0.9326497541915023,-0.28473762980266,-0.18663197675165127,0
0.18417323175892095,0.5916650151758459,-1.0950541884342042,0
1.0548500027519236,-1.4954873801288167,1.3397447769380237,0
0.47439882208992185,-0.5226502215037242,0.4842553286889801,0
-0.33517782462287016,1.873360851648844,0.37488130696805616,0
-2.1559615281731497,-0.39328594507376174,-1.8785789471567491,0
-1.0775443346274303,0.070097869619107,-0.6550777801221271,0
-0.07550229643197459,0.9279898840540298,1.3860646878915606,0
0.27582341817923706,0.03548082732374511,-0.8178213245904785,0
-1.6060604096512532,-0.6582506335658987,-0.1343361017774313,0
0.4132986978097112,2.3037036543597447,1.3598364706617998,0
0.35219857352950046,-0.17447113246440762,0.5531030859306568,0
-0.5368082347475656,1.078763450702013,0.02255377397913471,0
0.13834813854876293,0.10561108601424168,1.3479513173596476,0
1.9713518669550845,-0.4791332433209634,-0.17614008963737204,1
-1.8535159129861065,-0.17882839274261333,-0.7761731694646364,0
0.27582341817923706,-0.07650385208165787,1.0383048471760752,0
0.13834813854876293,-0.5511980019647627,1.342595833219078,0
-0.2282526071325014,-0.2765731747281781,-1.513206706265052,0
-1.4472000865227053,-0.498342271611266,-0.6894202535833617,0
-0.21297757606244871,-0.7887953876031482,-0.06174145636007453,0
-0.8178688064365348,-0.6358030174943483,0.18151216609540238,0
1.8186015562545577,0.5325360661239396,-0.15786181776394018,1
-0.151877451782238,1.6926365285353506,0.6602652881998576,0
-0.9064639866428403,1.293326071720721,-0.40756407936038036,0
-0.21297757606244871,-0.9624677476280846,-1.8148874752549526,0
-0.04495223429186924,0.11955431890449994,-1.273697623615213,0
-0.8331438375065875,-0.40547391283067186,-0.2702632110885624,0
-0.09077732750202727,-0.9122201929304785,-1.3678822678598368,0
-0.21297757606244871,-0.8499391832517851,-1.573897441431039,0
0.1536231696188156,0.8785643373238015,1.5266652786697144,0
-1.2364046577559782,-0.1819310092811371,-0.7523858315504425,0
1.37562565522303,0.3953410822152727,0.19668278662248523,1
2.9184037932983506,0.9581322363615605,0.23342089763777396,1
-1.64577549043339,0.10516608921987175,0.7056631075298639,0
-0.3962779489030809,-1.1330189495813985,-1.2670862716911782,0
0.29109844924928974,0.4745752336572544,-0.3575858130314699,0
0.27582341817923706,0.6022584110862638,-0.9278307342147544,0
0.3063734803193424,-0.42852721898344814,-0.5387974496993339,0
1.757501431974347,-1.4730892081455296,1.8653505073537917,0
-0.21297757606244871,4.64951661690297,-0.10894369420480067,0
0.016147889988341484,-0.2510538446732684,-0.9844993267266846,0
-0.014402172151763875,-0.3794292393379643,0.7029125884966154,0
-0.10605235857207995,-0.1265041863379474,-0.9948471604709738,0
0.45912379101986917,2.1295430339632078,0.35054379021941556,0
0.229998324969079,0.5805709978717619,1.0761061020730098,0
0.7187993192107648,-0.2592182997477503,-0.5381679664835959,0
0.45912379101986917,-0.6142268534784389,0.7216815421615761,0
-1.0194992165612302,-1.0825179939314429,-0.9660987595443549,0
-1.7679757389938116,0.298696431193567,0.6451539396323019,0
-0.09077732750202727,-0.8849641392753194,-1.3913884766191593,0
0.3827486356696058,0.7826922501812101,2.2998935001526903,0
0.4896738531599745,-0.48767470956845316,0.2982546677469139,0
0.13834813854876293,0.24262683510295402,1.560032390771641,0
0.5813240395802907,0.41014340613910627,0.44460688943311005,0
2.129701897842798,0.04831902527684201,-0.13242870327574294,1
0.9856773779675148,-0.7446851909028543,0.46067128498856574,1
2.2530938838473147,-0.03947296420652163,-0.14340863524689487,1
2.02226090062546,0.04970701108898363,-0.13064823221869104,1
1.8202428927418142,0.3339003813477215,-0.022521941509877824,1
3.202133777705446,0.6031620762047439,0.3088466613379943,1
2.0610443578161686,0.03758070877824096,-0.12872842897087144,1
2.1444341021106768,-0.3795631475273429,-0.1567009356896205,1
1.4539397977167132,0.4421323650691089,0.18123401267712438,1
1.0100866193655054,-0.427170682843704,0.48851395816271154,1
2.3033575534625483,0.14968985890802589,-0.12301069004228382,1
2.078623595435473,-0.3025176241620342,-0.14695970418188214,1
2.0173159288559925,-0.09501139105995104,-0.11637421862288892,1
1.4365955735319837,-0.022888459267040473,0.11914418785122548,1
1.111357700458293,-0.06483573079075436,0.6451402732737612,1
1.398387981271997,0.2392005222379708,0.16773475920890324,1
1.0024650273781457,-0.4022133874257887,0.4929169830241665,1
2.0049553033806147,0.028808154177498893,-0.1257055288373694,1
1.937347946270552,0.37608169961803983,-0.15234090291347963,1
3.1950054974721174,0.6120801564751632,0.3069517048299907,1
1.046236540445365,-0.5514962390041179,0.29624311770437445,1
2.9108840911634175,0.7338648202787357,0.18256696704011469,1
0.9223158972622119,-0.12901305578871652,0.5467844344117879,1
1.8125405147452256,0.40756093319965325,0.01046042278901528,1
1.0548500027519236,-0.3909553360211999,0.4919569107209759,1
2.21146386111049,-0.2336297912502031,-0.14875164724540263,1
0.9236247577790901,-0.12281203131698215,0.6071193986188372,1
2.140308993256591,0.10864864570961494,-0.14604317994123334,1
0.9372137121399379,-0.13690883764054462,0.6852070517707963,1
1.8907631472159234,1.7621901378631506,0.2596947592266752,1
1.4031352714165262,0.20663598819400156,0.16169738477939957,1
0.930708900912968,-0.12194066013106082,0.6808455362706907,1
1.2081027327303124,0.04540670926101387,0.4455038997914589,1
3.0202911063575537,0.8306626074108159,0.2605062563280543,1
1.824314896020887,0.5191033994316709,0.06463500625590807,1
1.0202878445598584,-0.6196660476490352,0.3542188316099326,1
1.3612851182481995,0.35867993376705937,0.23238794073683217,1
0.9244796821908882,-0.13139188779790084,0.5488471764140076,1
0.981801876194145,-0.31351668520236553,0.4178476145007364,1
2.1769440836556657,-0.1259310575228796,-0.14639433779039285,1
1.0437734637125498,-0.34686826431948403,0.6032163622998779,1
1.0171943322622363,-0.4178561909648292,0.3496050075533974,1
1.2009608291956855,-0.03632334838599878,0.6171102698967352,1
1.9999911450754926,0.2935461212007928,-0.14942841212941482,1
1.901811964142058,0.25698302845701615,-0.043692329795578105,1
1.0493282385196885,-0.4926399838977985,0.4453676826055374,1
1.3406202104007714,-0.2131427155131173,0.08572842452287267,1
0.9974787322512433,-0.6036173301104337,0.4809457566934435,1
1.0440641897881004,-0.2628612638457368,0.6628474096933964,1
1.9529789687384713,0.07673902492999454,-0.11856551045194341,1
2.0544438539807444,-0.1973060258371579,-0.10785370957426989,1
2.0479696008437065,-0.17408222745238527,-0.11135891499778472,1
1.2586843513806285,0.09638418071161847,0.48784393932924996,1
1.4207669659127058,0.08568953280715666,0.13927424689246667,1
1.2962133715226551,0.3054148666663815,0.2565371220669311,1
0.9469872383153503,-0.17676949001287015,0.6665122438930593,1
2.173779421126382,0.10023086022651131,-0.14472734952788618,1
1.2842117232155454,-0.3688828164313004,0.21498893953358167,1
0.9981426037221607,-0.37324755881257055,0.5433033976134469,1
1.8574574189469126,0.2768540285661091,-0.06273133155560881,1
2.180926302962412,-0.23692639325288392,-0.1491563825889067,1
0.9277162367245668,-0.14355486465360495,0.53158732780172,1
1.8226051889955863,0.4462990394388577,-0.13769062333600135,1
2.2360089541913495,-0.11915477829624668,-0.14560140330572025,1
2.1460357406871804,-0.10251232850511677,-0.12111465643785888,1
2.0009426638190955,-0.0466898931427793,-0.11507818799445967,1
1.3370914854892173,-0.21582236556974263,0.08529045292223958,1
1.0305246412682845,-0.09055741179730131,0.6704267889791637,1
2.458442109404257,0.15059517798075772,-0.022216468397843747,1
1.9713518669550845,-0.47189784263891366,-0.17538809309641407,1
1.6835813774552928,0.6558660632807352,0.023796869482809117,1
2.1894184526529425,-0.33644661131437137,-0.15158106875798058,1
1.6851373909009482,0.6491639620595114,0.03975659121080197,1
1.9797741733703345,1.440905369025975,0.04460917386648511,1
1.0141102841038991,-0.2299303987226238,0.6342922707022369,1
1.7301073343391344,0.6561269682601273,0.08323585766284075,1
1.0272887802991315,-0.45424453262097764,0.49916790170747977,1
0.9699408574900349,-0.29571131837430004,0.5117063289840447,1
1.8258338522640236,0.376754618547289,-0.12142389790372352,1
2.860199186524483,0.9609625750850895,0.20331535610442028,1
3.1192375521817053,4.034744717083272,0.856048131490817,1
2.620132355523685,0.6040665406148638,0.08400217960553452,1
1.880819800827091,0.15354824926920885,-0.0957472474971153,1
2.7049801378116287,0.9685104739293879,0.12303041343746747,1
1.0617702043205832,-0.2638230262274487,0.6704975600884009,1
2.017129621576309,-0.44506827270759736,-0.17883408416238614,1
1.20344003946437,-0.22003593204289357,0.45853140593761543,1
1.74270546537684,0.601860997814904,-0.05574979007581453,1
1.0767712240990894,-0.24020362182963995,0.6647921487501974,1
1.1643327757619004,-0.04602324085009413,0.5105152382649256,1
1.7955179794226026,0.5703534300543605,0.08335264666457605,1
2.170111144608194,-0.36479175531094155,-0.15381710430401646,1
1.1529797470979466,-0.12021178461809276,0.6358073878735797,1
1.8334716262323794,0.21223929955365398,-0.08294308967835076,1
2.727880799675706,3.3946380946132657,0.5497699839643224,1
2.147594072999214,0.10757201250716242,-0.14583702859692735,1
2.0102597376929983,-0.07681001742919999,-0.11752869503058905,1
2.0069277130546723,-0.0682150936256766,-0.11807385370698607,1
0.9664137750385717,-0.17749358719516867,0.5888230601053739,1
2.062349619777676,0.04467526491591752,-0.13197487154511256,1
1.4172972222687463,0.10949060280237788,0.143686899356339,1
1.3081917685190672,-0.23776828942511333,0.08170353254263833,1
1.298659836068754,-0.1849937935305896,0.32101214498179864,1
2.264996181488119,0.0694795975558876,-0.13972034176402268,1
0.9448443889342013,-0.11512197355153432,0.548979548854422,1
3.0051345476456244,0.8496247417253912,0.2564770909992527,1
2.1915592780913866,-0.3264620893982933,-0.151306304170975,1
0.9312292070414117,-0.1644248195705224,0.515360225002478,1
1.668077957177875,0.6715089258784839,0.048884458344289346,1
1.9713518669550845,-0.4316581189612178,-0.17120585988715936,1
3.225801415548159,2.436867422145183,0.6338617109816227,1
2.05647760047301,-0.2318140407854611,-0.11368619964209044,1
0.971628655498117,-0.17051065268057167,0.6921402420000751,1
1.9855690736231275,-0.43782742344591474,-0.16570940288036257,1
1.3717153802673547,0.38534458272052274,0.2064186124264211,1
1.0583079369269546,-0.3921714027983692,0.5052996028627,1
2.246715105262793,0.07085840403885958,-0.1406885912093594,1
2.1707625306293563,-0.33918283694624723,-0.14701478090523562,1
1.7029100393256695,0.6628713151869627,0.06817420165163918,1
0.9269818446472997,-0.12239909940548484,0.642057293559332,1
1.0735661907551763,-0.24525001066027202,0.6660111347824592,1
2.1609215137123083,-0.36461153299096566,-0.16039044193105534,1
2.046320327004556,0.22035580297618185,-0.10809266051314187,1
2.8345928266147213,5.169287776457408,0.9091977032608776,1
1.2943138188942929,0.30326381935801927,0.2579688459125941,1
1.0929436769229106,-0.21473977277201572,0.6586412005433431,1
1.0843560563453973,-0.22826115240020972,0.6619073723459652,1
2.1696372023638784,0.07002866044641098,-0.1415717405508597,1
1.785603454416656,0.42506008363992975,-0.02133688608877747,1
1.8935683698748627,0.2848655540785434,-0.03216922797889629,1
1.160161385058348,-0.4471950115191952,0.3779937355246141,1
1.6474953081284347,0.5577782796792831,0.14305195218312347,1
2.117165844667303,0.1391417769883856,-0.14699375908897877,1
1.0416019375295884,-0.4867971544710442,0.4561522645333296,1
1.825154453351578,0.39138866365886166,-0.12484686110827269,1
2.040169340295797,-0.27919508215904904,-0.12565102208802714,1
0.9886126623911735,-0.10164425475337334,0.5599823750936589,1
1.980803188758282,-0.45167393959841784,-0.16920597244609287,1
2.88565663097892,0.9597246457383384,0.21648287314192374,1
1.2513394227019634,-0.3308176097365713,0.1892075592811976,1
2.2238351364125397,0.06304184389819287,-0.13750198151697987,1
3.060178053689667,0.7807606694389312,0.27110965966761286,1
2.619058486166036,1.5848937800586835,0.18323439209792247,1
0.9267046864563213,-0.12243319070728331,0.6391728511429026,1
1.0548500027519236,-0.5261134395473275,0.2812916724603608,1
2.2089501886153027,0.1552596172525672,-0.12249692050379202,1
2.05463561243026,-0.2371656424103319,-0.11503760436825711,1
1.2504752425199153,-0.3472384756245957,0.15376087070026362,1
2.599897624869346,1.266243508112634,0.11869673056926566,1
1.0488141838305847,-0.2671610706695512,0.6745083479454357,1
2.0625723601262216,-0.42665626187207917,-0.16589496420119143,1
2.218944490073483,-0.1987411438687774,-0.14779154471174966,1
1.9761519997277888,0.3249553992673909,-0.1505367733314244,1
1.3980196734618402,0.24172696824345258,0.16820315530173302,1
1.2490468884512644,-0.35024540784521524,0.15590352501996046,1
2.1048974910079723,0.05455167573741496,-0.1357530232953532,1
1.1843250567379981,-0.48649605145486896,0.25299185580766037,1
1.8593456799865125,0.17640619806314536,-0.08895667396021067,1
1.1786360832261256,-0.4984723240966097,0.26152580683380156,1
1.4450349302840575,-0.08077911096416007,0.10841142134544404,1
1.9923041231224852,0.30367416088109583,-0.14978580736181268,1
0.9379250252771499,-0.1419632462760204,0.6883387874881925,1
1.076862067397791,-0.07446930425061965,0.5821672316646729,1
1.8253459483814118,0.38726391919151626,-0.12388206645086619,1
1.6830044665280701,0.6563930246849256,0.024573056291548212,1
1.941887023807219,0.37010123570309694,-0.15212986609310805,1
0.9648373958292832,-0.11145958215075974,0.6909753316185502,1
2.0760784964265766,-0.3293222983736852,-0.17483250440406264,1
2.0644086554323633,-0.4098861430408853,-0.18161642810673317,1
2.0879864858516646,0.04179456639502674,-0.13018046561607657,1
3.2408968367962037,0.37012816840251744,0.30135612073947227,1
2.0999757858985535,-0.34969141328112174,-0.17981550406557703,1
2.8179142655252813,0.9630187808728956,0.1814440556020072,1
2.0718937108391087,-0.22328172428947954,-0.11204444602018501,1
2.30326083419447,0.22792145445176482,-0.07473422791366469,1
2.116941413189394,0.01507003956359984,-0.13523224407763562,1
1.9713518669550845,-0.4382403758528559,-0.17188997326687705,1
2.0909603180783787,-0.37332384655383993,-0.17701685677108844,1
0.9656487865736503,-0.7669228970108775,0.47946894700814624,1
1.3033588616948033,-0.27838496168763727,0.16596540353127126,1
0.9683288559323098,-0.2737972525486102,0.44382586320868317,1
1.9885088215138982,-0.4292864561736889,-0.16355260864439408,1
1.0484037657963154,-0.266647152122651,0.6746021018842204,1
2.134886690839544,0.11579243497608205,-0.14634870137965342,1
2.2078052372321566,-0.25069312095468366,-0.1492212139185592,1
1.996308473900761,-0.034281522730173375,-0.11553957745355926,1
1.9790047232067474,0.0038119758470382646,-0.12264238540733753,1
1.8304724995413448,0.2768395726596772,-0.09805335865455328,1
2.134024448349639,-0.3740289242786223,-0.16954960412628,1
1.7176912805288127,0.6592058838036623,0.07635994109043712,1
1.979934505018597,0.0014136130814000891,-0.12249026209586626,1
1.0276970306060944,-0.4798460189888938,0.4576959356310784,1
0.985098497086827,-0.3232353606728354,0.41149117505497257,1
1.296475663447476,-0.24778607877944722,0.08282368702021145,1
0.9904207499419837,-0.338925744843449,0.4012289765522734,1
1.2906501570189084,-0.2626633359452803,0.09349503326961016,1
1.4429260737599248,-0.06631318872574223,0.11109336326739781,1
1.8203967733256246,0.4938676386039529,-0.14881711388544663,1
1.8239598797887893,0.4171194134241487,-0.13086538906828216,1
2.3372149990662656,0.3252947453185471,-0.049782318780556944,1
2.196653704246722,0.09381797639232944,-0.1437579863147377,1
1.0536943717572191,-0.2822464540436648,0.665835411986106,1
2.028645094878561,-0.12423486005878069,-0.11452063294332762,1
1.8295123263295654,0.29752141044114555,-0.10289092538259606,1
1.4419650485756033,-0.059720935802669406,0.11231554870314954,1
0.953142354474617,-0.20041012529312474,0.6516875084099013,1
2.1556687374546106,0.14167335265036218,-0.13861686358572448,1
2.5864376292847884,0.9742748879657425,0.061715912546018555,1
1.3880484053865259,0.40276345061788354,0.19423219145608828,1
1.2926578099125086,-0.2584368795602126,0.0904833807393746,1
2.0530252994526936,-0.18712335080364012,-0.11053174285438701,1
1.8674096766780923,0.37334278981381946,0.004396046260428513,1
1.0565694100777132,-0.5268676389823224,0.27561679504704506,1
2.0562385844602225,-0.19541198693227094,-0.11000601138726585,1
1.0449784923420962,-0.6788432788378765,0.40501473463628584,1
2.1295302095596718,0.1228502420452588,-0.1465436830137613,1
2.163348216192794,-0.1338805339130419,-0.1492908472561702,1
2.0233754221557865,-0.10675518604691028,-0.11284473653531069,1
0.996415251238633,-0.3666131251143464,0.5474637648578445,1
2.0380070844199656,-0.2010412712999689,-0.15631493730070273,1
1.1507096944673905,-0.12378602769470268,0.6366707681109187,1
3.1025425355201257,0.7277591266807928,0.28237168191212036,1
1.8201113707153336,0.5000151236785534,-0.15025503587150313,1
1.8331796485610388,0.5133276795806283,-0.1573311596487378,1
2.8239859213859773,0.9627235320317646,0.1845845370487864,1
1.0707567913023395,-0.24149173529960705,0.6495032661279347,1
2.104176502403562,0.15625679463952058,-0.14746658500738308,1
1.1244517133127345,-0.16512974197008107,0.6466575947140514,1
1.3466132233676213,0.15226423172237666,0.15258435614443835,1
2.3705028003429534,0.8518883772310036,-0.0007174674994815874,1
3.2148283097844237,0.5112629240199095,0.2963282647652243,1
2.135192337504296,0.04917775221023883,-0.13272460861686075,1
2.1123898774168124,-0.0041631128726615785,-0.13301021631029405,1
0.9237343889487541,-0.1227985463491436,0.6082603527967568,1
1.0195503446323806,-0.4967168723183958,0.48041671003681086,1
0.9248060051820752,-0.1212924637273987,0.5439421362007898,1
0.9213767179450819,-0.12234845623996048,0.5430800539523282,1
3.052110879996266,0.7908533846799494,0.2689651110821026,1
1.1748447588426554,-0.31936741369540095,0.4513625985119457,1
2.0866422731544656,-0.11296322395371432,-0.12044041691245073,1
1.0832928713456726,-0.22993515835640221,0.6623117387051595,1
1.4038433992267076,-0.16513216616065057,0.09357544062677983,1
2.931194845567393,5.864344773298596,1.0787746007720092,1
1.8199621462789113,0.5032293724716415,-0.15100686185434817,1
1.200715171734756,-0.4884730411552508,0.27243332107029944,1
0.9242759940791164,-0.13116795620758823,0.548652999988275,1
1.8006204232082836,0.5215569641819766,0.061503464525177506,1
1.0756390504527473,-0.6448009207426644,0.37623853178897626,1
1.8849859903179893,0.1491135836195289,-0.0970646851848629,1
2.2974039784940783,0.1320895381356456,-0.1269075470347783,1
1.1301331631779736,-0.5537467660727412,0.3325779619794632,1
2.0588577538304893,-0.20216810779255412,-0.10957748427173045,1
1.9713518669550845,-0.4658789427015422,-0.17476253106713976,1
2.2250980817239485,0.08584349747478577,-0.1425525744116729,1
2.395643964022958,0.13297592901225969,-0.04818571336844757,1
0.9655321065721544,-0.767052446589823,0.4795784560190113,1
1.8522575688051472,0.18395107888188464,-0.08671526251560979,1
1.0103697121220925,-0.30319546882300036,0.4477736890526298,1
2.0280933353593738,-0.12281160196796738,-0.11461090733257132,1
2.908293506119201,0.9586238733452158,0.2281914890487155,1
1.9906449737908878,-0.4647765077658852,-0.17727547787596576,1
2.0875169934935305,0.17820769740773557,-0.14807300890788647,1
1.0061556318007436,-0.6567927781702481,0.38579364089476215,1
2.8734783737561633,0.08865168042371435,0.1424004506558201,1
0.9577075633025842,-0.21794422767032984,0.6406921004356585,1
1.0496831779743283,-0.5424415789219885,0.2885424890409148,1
1.9878828262013801,-0.46683192698084897,-0.17711292707929638,1
2.045854395983119,-0.16862607794001971,-0.11170498755344438,1
2.1702636497132177,0.06974106998401497,-0.141388411606162,1
1.0556719614429595,-0.27461758541832065,0.6711367598930005,1
1.0378815296311787,-0.38524655032411803,0.5660274969935819,1
0.9291210297808115,-0.12213597311745443,0.6643202341345812,1
1.9629148150333084,0.05166578006406514,-0.12577064421472506,1
